{
  "batch_size": 64,
  "checkpoint": "/data1/zhoujiazhen/bylw_atac/TransChromBP/outputs/checkpoints/tutorial_bias2main_hybrid_20260315_1032_main_fixed/epoch_020.pt",
  "checkpoint_epoch": 20,
  "checkpoint_global_step": 169600,
  "data_config_path": "/data1/zhoujiazhen/bylw_atac/TransChromBP/configs/data/data_base.yaml",
  "dataset_size": 62342,
  "device": "cuda:0",
  "model_run_name": "tutorial_bias2main_hybrid_20260315_1032_main_fixed",
  "nonpeak_ratio": 1.0,
  "num_workers": 4,
  "results": {
    "nonpeak": {
      "count_full_debiased_abs": 1.3886621622480735,
      "count_mae_debiased": 40.633052825927734,
      "count_mae_full": 46.63115692138672,
      "count_pearson_debiased": 0.17836870993708306,
      "count_pearson_full": 0.23494981447296606,
      "count_spearman_debiased": 0.376283070263725,
      "count_spearman_full": 0.4743273491063429,
      "effective_count_scale": 1.0,
      "effective_profile_scale": 1.0,
      "logcount_pearson_debiased": 0.4655230586808031,
      "logcount_pearson_full": 0.5050694811712202,
      "logcount_spearman_debiased": 0.38055877184354253,
      "logcount_spearman_full": 0.474330798087918,
      "loss_count": 1.3787012361844555,
      "loss_debiased_count": 10.785299048479297,
      "loss_debiased_profile": 6.886576273929992,
      "loss_profile": 5.9432520183974304,
      "loss_total": 22.055895776385494,
      "n_examples": 31171,
      "profile_bias_rms_over_signal_rms": 10.746873510969618,
      "profile_full_debiased_jsd": 0.4793088944757728,
      "profile_target_jsd_debiased_mean": 0.7056987097183952,
      "profile_target_jsd_debiased_median": 0.7147658467292786,
      "profile_target_jsd_full_mean": 0.5685469109471443,
      "profile_target_jsd_full_median": 0.5607696771621704
    },
    "overall": {
      "count_full_debiased_abs": 0.8052721745140807,
      "count_mae_debiased": 115.54204559326172,
      "count_mae_full": 114.98011016845703,
      "count_pearson_debiased": 0.7946543727028932,
      "count_pearson_full": 0.7946435546381965,
      "count_spearman_debiased": 0.6741835616218718,
      "count_spearman_full": 0.687855657077609,
      "effective_count_scale": 1.0,
      "effective_profile_scale": 1.0,
      "logcount_pearson_debiased": 0.5811638186261007,
      "logcount_pearson_full": 0.7279724318106641,
      "logcount_spearman_debiased": 0.674817681917267,
      "logcount_spearman_full": 0.6878572513135567,
      "loss_count": 1.0396034995591168,
      "loss_debiased_count": 6.0089335881697306,
      "loss_debiased_profile": 6.818818822157463,
      "loss_profile": 5.868118111038074,
      "loss_total": 18.017785053755542,
      "n_examples": 62342,
      "profile_bias_rms_over_signal_rms": 8.637539151703779,
      "profile_full_debiased_jsd": 0.4779762266433402,
      "profile_target_jsd_debiased_mean": 0.6501782168720434,
      "profile_target_jsd_debiased_median": 0.6564732193946838,
      "profile_target_jsd_full_mean": 0.4687183109693178,
      "profile_target_jsd_full_median": 0.46366485953330994
    },
    "peak": {
      "count_full_debiased_abs": 0.2218821866310573,
      "count_mae_debiased": 190.45103454589844,
      "count_mae_full": 183.3290557861328,
      "count_pearson_debiased": 0.7806054314798884,
      "count_pearson_full": 0.7811276436086391,
      "count_spearman_debiased": 0.6000785849541009,
      "count_spearman_full": 0.6111594887490363,
      "effective_count_scale": 1.0,
      "effective_profile_scale": 1.0,
      "logcount_pearson_debiased": 0.6229338758007796,
      "logcount_pearson_full": 0.6861219538543292,
      "logcount_spearman_debiased": 0.6000790607334712,
      "logcount_spearman_full": 0.6111606720188439,
      "loss_count": 0.7005057628752178,
      "loss_debiased_count": 1.2325681275983156,
      "loss_debiased_profile": 6.751061369360004,
      "loss_profile": 5.792984203770501,
      "loss_total": 13.979674330559583,
      "n_examples": 31171,
      "profile_bias_rms_over_signal_rms": 6.528204791336522,
      "profile_full_debiased_jsd": 0.4766435587525861,
      "profile_target_jsd_debiased_mean": 0.5946577240256915,
      "profile_target_jsd_debiased_median": 0.5973849296569824,
      "profile_target_jsd_full_mean": 0.3688897109914914,
      "profile_target_jsd_full_median": 0.3697352707386017
    }
  },
  "split": "test",
  "training_mode": "full"
}
