{
  "batch_size": 64,
  "checkpoint": "/data1/zhoujiazhen/bylw_atac/TransChromBP/outputs/checkpoints/tutorial_bias2main_20260315_023539_main_learnable/epoch_020.pt",
  "checkpoint_epoch": 20,
  "checkpoint_global_step": 269820,
  "data_config_path": "/data1/zhoujiazhen/bylw_atac/TransChromBP/configs/data/data_base.yaml",
  "dataset_size": 38964,
  "device": "cuda:0",
  "model_run_name": "tutorial_bias2main_20260315_023539_main_learnable",
  "nonpeak_ratio": 0.25,
  "num_workers": 4,
  "results": {
    "nonpeak": {
      "count_full_debiased_abs": 0.14631525884960486,
      "count_mae_debiased": 150.9776611328125,
      "count_mae_full": 150.40870666503906,
      "count_pearson_debiased": 0.24365427505661622,
      "count_pearson_full": 0.24690996042142607,
      "count_spearman_debiased": 0.5527424430740944,
      "count_spearman_full": 0.5566753090882536,
      "effective_count_scale": 0.11112218350172043,
      "effective_profile_scale": 0.763638973236084,
      "logcount_pearson_debiased": 0.5526372099512914,
      "logcount_pearson_full": 0.5316600761256121,
      "logcount_spearman_debiased": 0.552738019021121,
      "logcount_spearman_full": 0.5566753090882536,
      "loss_count": 1.1499051993731186,
      "loss_debiased_count": 1.7434780370832699,
      "loss_debiased_profile": 6.369125812331779,
      "loss_profile": 5.893705633964524,
      "loss_total": 6.0086961483964565,
      "n_examples": 7793,
      "profile_bias_rms_over_signal_rms": 2.0717955409034934,
      "profile_full_debiased_jsd": 0.3551976664846766,
      "profile_target_jsd_debiased_mean": 0.6547054329801704,
      "profile_target_jsd_debiased_median": 0.6578116416931152,
      "profile_target_jsd_full_mean": 0.5581692225067573,
      "profile_target_jsd_full_median": 0.5513209700584412
    },
    "overall": {
      "count_full_debiased_abs": 0.04314469016255472,
      "count_mae_debiased": 809.8336181640625,
      "count_mae_full": 807.1973266601562,
      "count_pearson_debiased": 0.8256045653318073,
      "count_pearson_full": 0.8255995145367352,
      "count_spearman_debiased": 0.7213477050204893,
      "count_spearman_full": 0.721368114202716,
      "effective_count_scale": 0.11112218350172043,
      "effective_profile_scale": 0.763638973236084,
      "logcount_pearson_debiased": 0.7510770936283059,
      "logcount_pearson_full": 0.7588288776627228,
      "logcount_spearman_debiased": 0.7213476663535011,
      "logcount_spearman_full": 0.721368114202716,
      "loss_count": 0.9714446514921381,
      "loss_debiased_count": 1.1191899101661469,
      "loss_debiased_profile": 6.220000883720577,
      "loss_profile": 5.731119608930489,
      "loss_total": 5.828264078042943,
      "n_examples": 38964,
      "profile_bias_rms_over_signal_rms": 1.7198443688867566,
      "profile_full_debiased_jsd": 0.35280596389073926,
      "profile_target_jsd_debiased_mean": 0.5243927876956164,
      "profile_target_jsd_debiased_median": 0.5167434811592102,
      "profile_target_jsd_full_mean": 0.3737073891299294,
      "profile_target_jsd_full_median": 0.36197778582572937
    },
    "peak": {
      "count_full_debiased_abs": 0.01735122052152578,
      "count_mae_debiased": 974.5528564453125,
      "count_mae_full": 971.3997802734375,
      "count_pearson_debiased": 0.8141120055221082,
      "count_pearson_full": 0.8141067880111876,
      "count_spearman_debiased": 0.6350071181679782,
      "count_spearman_full": 0.63561451444003,
      "effective_count_scale": 0.11112218350172043,
      "effective_profile_scale": 0.763638973236084,
      "logcount_pearson_debiased": 0.6857896538378251,
      "logcount_pearson_full": 0.6883917366707093,
      "logcount_spearman_debiased": 0.6350071181679782,
      "logcount_spearman_full": 0.63561451444003,
      "loss_count": 0.9268280830011878,
      "loss_debiased_count": 0.9631128713958498,
      "loss_debiased_profile": 6.182718455055283,
      "loss_profile": 5.690471797616484,
      "loss_total": 5.7831546116569745,
      "n_examples": 31171,
      "profile_bias_rms_over_signal_rms": 1.6318537530225654,
      "profile_full_debiased_jsd": 0.35220801904293214,
      "profile_target_jsd_debiased_mean": 0.4918135812321494,
      "profile_target_jsd_debiased_median": 0.4929622411727905,
      "profile_target_jsd_full_mean": 0.3275904513500885,
      "profile_target_jsd_full_median": 0.329861044883728
    }
  },
  "split": "test",
  "training_mode": "full"
}
