{
  "batch_size": 64,
  "checkpoint": "/data1/zhoujiazhen/bylw_atac/TransChromBP/outputs/checkpoints/tutorial_real_baseline_20260313_1740/epoch_020.pt",
  "checkpoint_epoch": 20,
  "checkpoint_global_step": 1079340,
  "data_config_path": "/data1/zhoujiazhen/bylw_atac/TransChromBP/configs/data/data_base.yaml",
  "dataset_size": 38964,
  "device": "cuda:0",
  "model_run_name": "tutorial_real_baseline_20260313_1740",
  "nonpeak_ratio": 0.25,
  "num_workers": 4,
  "results": {
    "nonpeak": {
      "count_full_debiased_abs": 0.020182790986387627,
      "count_mae_debiased": 151.02444458007812,
      "count_mae_full": 150.7343292236328,
      "count_pearson_debiased": 0.1767275163360165,
      "count_pearson_full": 0.1767476946680669,
      "count_spearman_debiased": 0.5463258262830063,
      "count_spearman_full": 0.5483410468775548,
      "effective_count_scale": 1.0771443843841553,
      "effective_profile_scale": 0.6954160928726196,
      "logcount_pearson_debiased": 0.48955707615629807,
      "logcount_pearson_full": 0.47789437987518857,
      "logcount_spearman_debiased": 0.5463257986297523,
      "logcount_spearman_full": 0.5483410468775548,
      "loss_count": 1.2115915658445515,
      "loss_debiased_count": 1.2231447242289288,
      "loss_debiased_profile": 5.886326468680768,
      "loss_profile": 5.936914058792015,
      "loss_total": 6.058073209825964,
      "n_examples": 7793,
      "profile_bias_rms_over_signal_rms": 0.15115551483787162,
      "profile_full_debiased_jsd": 0.11222839988954532,
      "profile_target_jsd_debiased_mean": 0.5572419097288788,
      "profile_target_jsd_debiased_median": 0.5508347153663635,
      "profile_target_jsd_full_mean": 0.5634217374700798,
      "profile_target_jsd_full_median": 0.5574204921722412
    },
    "overall": {
      "count_full_debiased_abs": 0.006587577259406859,
      "count_mae_debiased": 848.41162109375,
      "count_mae_full": 847.9230346679688,
      "count_pearson_debiased": 0.8162054894516328,
      "count_pearson_full": 0.8162063588305469,
      "count_spearman_debiased": 0.7143323847996467,
      "count_spearman_full": 0.7147084498323223,
      "effective_count_scale": 1.0771443843841553,
      "effective_profile_scale": 0.6954160928726196,
      "logcount_pearson_debiased": 0.7454953789199449,
      "logcount_pearson_full": 0.744200500356852,
      "logcount_spearman_debiased": 0.7143323845759754,
      "logcount_spearman_full": 0.7147084498323223,
      "loss_count": 1.1300088934995791,
      "loss_debiased_count": 1.1388164633366253,
      "loss_debiased_profile": 5.72600903108176,
      "loss_profile": 5.776948588913366,
      "loss_total": 5.889949470657475,
      "n_examples": 38964,
      "profile_bias_rms_over_signal_rms": 0.14594211743182928,
      "profile_full_debiased_jsd": 0.11272139362811112,
      "profile_target_jsd_debiased_mean": 0.3727488983770533,
      "profile_target_jsd_debiased_median": 0.3609377443790436,
      "profile_target_jsd_full_mean": 0.38767378555453785,
      "profile_target_jsd_full_median": 0.374900221824646
    },
    "peak": {
      "count_full_debiased_abs": 0.0031886647882746547,
      "count_mae_debiased": 1022.7639770507812,
      "count_mae_full": 1022.2257690429688,
      "count_pearson_debiased": 0.8047993633597595,
      "count_pearson_full": 0.80480036081615,
      "count_spearman_debiased": 0.6251626712159062,
      "count_spearman_full": 0.6262284243524937,
      "effective_count_scale": 1.0771443843841553,
      "effective_profile_scale": 0.6954160928726196,
      "logcount_pearson_debiased": 0.6734442270300859,
      "logcount_pearson_full": 0.6739507603284444,
      "logcount_spearman_debiased": 0.6251626712159062,
      "logcount_spearman_full": 0.6262284243524937,
      "loss_count": 1.1096125710003262,
      "loss_debiased_count": 1.117733721699286,
      "loss_debiased_profile": 5.685928384775315,
      "loss_profile": 5.736955937956491,
      "loss_total": 5.8479171869618725,
      "n_examples": 31171,
      "profile_bias_rms_over_signal_rms": 0.14463872628082175,
      "profile_full_debiased_jsd": 0.11284464600857128,
      "profile_target_jsd_debiased_mean": 0.32662416585914356,
      "profile_target_jsd_debiased_median": 0.32861340045928955,
      "profile_target_jsd_full_mean": 0.3437353880334828,
      "profile_target_jsd_full_median": 0.34406599402427673
    }
  },
  "split": "test",
  "training_mode": "full"
}
