{
  "batch_size": 64,
  "checkpoint": "/data1/zhoujiazhen/bylw_atac/TransChromBP/outputs/checkpoints/tutorial_bias2main_hybrid_20260315_1032_bias_pretrain/best.pt",
  "checkpoint_epoch": 4,
  "checkpoint_global_step": 26828,
  "data_config_path": "/data1/zhoujiazhen/bylw_atac/TransChromBP/configs/data/data_base.yaml",
  "dataset_size": 31171,
  "device": "cuda:0",
  "model_run_name": "tutorial_bias2main_hybrid_20260315_1032_bias_pretrain",
  "nonpeak_ratio": 1.0,
  "num_workers": 4,
  "results": {
    "overall": {
      "count_full_debiased_abs": 0.0,
      "count_mae_debiased": 351.1759338378906,
      "count_mae_full": 351.1759338378906,
      "count_pearson_debiased": 0.18228251040813281,
      "count_pearson_full": 0.18228251040813281,
      "count_spearman_debiased": 0.3269232667853878,
      "count_spearman_full": 0.3269232667853878,
      "effective_count_scale": 0.0,
      "effective_profile_scale": 0.0,
      "logcount_pearson_debiased": 0.31148937612124655,
      "logcount_pearson_full": 0.31148937612124655,
      "logcount_spearman_debiased": 0.3269225978095993,
      "logcount_spearman_full": 0.3269225978095993,
      "loss_count": 6.437841749211171,
      "loss_debiased_count": 6.437841749211171,
      "loss_debiased_profile": 5.897810264293201,
      "loss_profile": 5.897810264293201,
      "loss_total": 18.143109894973673,
      "n_examples": 31171,
      "profile_bias_rms_over_signal_rms": 0.0,
      "profile_full_debiased_jsd": 0.0,
      "profile_target_jsd_debiased_mean": 0.4016119331324136,
      "profile_target_jsd_debiased_median": 0.40412259101867676,
      "profile_target_jsd_full_mean": 0.4016119331324136,
      "profile_target_jsd_full_median": 0.40412259101867676
    },
    "peak": {
      "count_full_debiased_abs": 0.0,
      "count_mae_debiased": 351.1759338378906,
      "count_mae_full": 351.1759338378906,
      "count_pearson_debiased": 0.18228251040813281,
      "count_pearson_full": 0.18228251040813281,
      "count_spearman_debiased": 0.3269232667853878,
      "count_spearman_full": 0.3269232667853878,
      "effective_count_scale": 0.0,
      "effective_profile_scale": 0.0,
      "logcount_pearson_debiased": 0.31148937612124655,
      "logcount_pearson_full": 0.31148937612124655,
      "logcount_spearman_debiased": 0.3269225978095993,
      "logcount_spearman_full": 0.3269225978095993,
      "loss_count": 6.437841749211171,
      "loss_debiased_count": 6.437841749211171,
      "loss_debiased_profile": 5.897810264293201,
      "loss_profile": 5.897810264293201,
      "loss_total": 18.143109894973673,
      "n_examples": 31171,
      "profile_bias_rms_over_signal_rms": 0.0,
      "profile_full_debiased_jsd": 0.0,
      "profile_target_jsd_debiased_mean": 0.4016119331324136,
      "profile_target_jsd_debiased_median": 0.40412259101867676,
      "profile_target_jsd_full_mean": 0.4016119331324136,
      "profile_target_jsd_full_median": 0.40412259101867676
    }
  },
  "split": "test",
  "training_mode": "bias_pretrain"
}
