{
  "batch_size": 64,
  "checkpoint": "/data1/zhoujiazhen/bylw_atac/TransChromBP/outputs/checkpoints/tutorial_bias2main_hybrid_20260315_1032_main_learnable/best.pt",
  "checkpoint_epoch": 10,
  "checkpoint_global_step": 84800,
  "data_config_path": "/data1/zhoujiazhen/bylw_atac/TransChromBP/configs/data/data_base.yaml",
  "dataset_size": 38964,
  "device": "cuda:0",
  "model_run_name": "tutorial_bias2main_hybrid_20260315_1032_main_learnable",
  "num_workers": 4,
  "results": {
    "nonpeak": {
      "count_full_debiased_abs": 1.9557337521680678,
      "count_mae_debiased": 37.27836608886719,
      "count_mae_full": 47.05577087402344,
      "count_pearson_debiased": 0.12577415579473364,
      "count_pearson_full": 0.20873779912120574,
      "count_spearman_debiased": 0.30003191790412587,
      "count_spearman_full": 0.4569989844101006,
      "effective_count_scale": 1.3939288854599,
      "effective_profile_scale": 0.9835187196731567,
      "logcount_pearson_debiased": 0.3699869456648112,
      "logcount_pearson_full": 0.487075446136417,
      "logcount_spearman_debiased": 0.3030836949242724,
      "logcount_spearman_full": 0.4569865324551121,
      "loss_count": 1.4615461258042015,
      "loss_debiased_count": 23.545011632237188,
      "loss_debiased_profile": 6.897512980485229,
      "loss_profile": 5.9544264459799665,
      "loss_total": 23.035264146262197,
      "n_examples": 7793,
      "profile_bias_rms_over_signal_rms": 8.820780405196057,
      "profile_full_debiased_jsd": 0.47294888896950094,
      "profile_target_jsd_debiased_mean": 0.706281166617867,
      "profile_target_jsd_debiased_median": 0.7151731848716736,
      "profile_target_jsd_full_mean": 0.5714532843637142,
      "profile_target_jsd_full_median": 0.5646393895149231
    },
    "overall": {
      "count_full_debiased_abs": 0.6274528739119736,
      "count_mae_debiased": 162.6604766845703,
      "count_mae_full": 156.140625,
      "count_pearson_debiased": 0.7831456640713609,
      "count_pearson_full": 0.7843137366119413,
      "count_spearman_debiased": 0.6652214130069952,
      "count_spearman_full": 0.6769327566785376,
      "effective_count_scale": 1.3939288854599,
      "effective_profile_scale": 0.9835187196731567,
      "logcount_pearson_debiased": 0.5322191796573444,
      "logcount_pearson_full": 0.7353547998120862,
      "logcount_spearman_debiased": 0.6652979181201393,
      "logcount_spearman_full": 0.6769336535475358,
      "loss_count": 0.7978237068282299,
      "loss_debiased_count": 5.849239436596917,
      "loss_debiased_profile": 6.794186653438357,
      "loss_profile": 5.838908657941005,
      "loss_total": 15.1629368055896,
      "n_examples": 38964,
      "profile_bias_rms_over_signal_rms": 6.390812297876263,
      "profile_full_debiased_jsd": 0.4709144407701057,
      "profile_target_jsd_debiased_mean": 0.6185490387270931,
      "profile_target_jsd_debiased_median": 0.6164996027946472,
      "profile_target_jsd_full_mean": 0.4145484454585638,
      "profile_target_jsd_full_median": 0.4023595601320267
    },
    "peak": {
      "count_full_debiased_abs": 0.29537200042059186,
      "count_mae_debiased": 194.00701904296875,
      "count_mae_full": 183.41270446777344,
      "count_pearson_debiased": 0.7723842675166386,
      "count_pearson_full": 0.7736969534560009,
      "count_spearman_debiased": 0.5889733576285507,
      "count_spearman_full": 0.6089830638752942,
      "effective_count_scale": 1.3939288854599,
      "effective_profile_scale": 0.9835187196731567,
      "logcount_pearson_debiased": 0.595826012398721,
      "logcount_pearson_full": 0.7002447464588131,
      "logcount_spearman_debiased": 0.5889768640264332,
      "logcount_spearman_full": 0.6089861912637122,
      "loss_count": 0.6318877787846412,
      "loss_debiased_count": 1.4251544577147293,
      "loss_debiased_profile": 6.768354241211847,
      "loss_profile": 5.810028283513662,
      "loss_total": 13.194791827263492,
      "n_examples": 31171,
      "profile_bias_rms_over_signal_rms": 5.78330078142898,
      "profile_full_debiased_jsd": 0.47040581237952,
      "profile_target_jsd_debiased_mean": 0.5966153031204973,
      "profile_target_jsd_debiased_median": 0.5996449589729309,
      "profile_target_jsd_full_mean": 0.3753209773141914,
      "profile_target_jsd_full_median": 0.37693753838539124
    }
  },
  "split": "test",
  "training_mode": "full"
}
