{
  "batch_size": 64,
  "checkpoint": "/data1/zhoujiazhen/bylw_atac/TransChromBP/outputs/checkpoints/tutorial_bias2main_hybrid_20260315_1032_main_fixed/epoch_020.pt",
  "checkpoint_epoch": 20,
  "checkpoint_global_step": 169600,
  "data_config_path": "/data1/zhoujiazhen/bylw_atac/TransChromBP/configs/data/data_base.yaml",
  "dataset_size": 38964,
  "device": "cuda:0",
  "model_run_name": "tutorial_bias2main_hybrid_20260315_1032_main_fixed",
  "num_workers": 4,
  "results": {
    "nonpeak": {
      "count_full_debiased_abs": 1.348077221689551,
      "count_mae_debiased": 40.22273254394531,
      "count_mae_full": 46.447628021240234,
      "count_pearson_debiased": 0.17824331507076854,
      "count_pearson_full": 0.23416225112487885,
      "count_spearman_debiased": 0.37446234905839015,
      "count_spearman_full": 0.4736824927410295,
      "effective_count_scale": 1.0,
      "effective_profile_scale": 1.0,
      "logcount_pearson_debiased": 0.45155018798129215,
      "logcount_pearson_full": 0.5008721093732139,
      "logcount_spearman_debiased": 0.3785958620961243,
      "logcount_spearman_full": 0.4736822081033471,
      "loss_count": 1.3696899874654276,
      "loss_debiased_count": 10.185825002188862,
      "loss_debiased_profile": 6.886794458866793,
      "loss_profile": 5.9432649792319125,
      "loss_total": 21.950595864523944,
      "n_examples": 7793,
      "profile_bias_rms_over_signal_rms": 10.696291455558034,
      "profile_full_debiased_jsd": 0.4793706593197759,
      "profile_target_jsd_debiased_mean": 0.7056346189450097,
      "profile_target_jsd_debiased_median": 0.7147358655929565,
      "profile_target_jsd_full_mean": 0.5686300956635394,
      "profile_target_jsd_full_median": 0.5612828731536865
    },
    "overall": {
      "count_full_debiased_abs": 0.44712697436537613,
      "count_mae_debiased": 160.40460205078125,
      "count_mae_full": 155.9520721435547,
      "count_pearson_debiased": 0.7904931536799907,
      "count_pearson_full": 0.790858698435186,
      "count_spearman_debiased": 0.6695110005900128,
      "count_spearman_full": 0.6743672954428244,
      "effective_count_scale": 1.0,
      "effective_profile_scale": 1.0,
      "logcount_pearson_debiased": 0.6199624476332838,
      "logcount_pearson_full": 0.7308655601353816,
      "logcount_spearman_debiased": 0.6695934691009363,
      "logcount_spearman_full": 0.6743676497113932,
      "loss_count": 0.8343460427308619,
      "loss_debiased_count": 3.0232654624792503,
      "loss_debiased_profile": 6.7782086847793055,
      "loss_profile": 5.823041130172045,
      "loss_total": 15.573899549988063,
      "n_examples": 38964,
      "profile_bias_rms_over_signal_rms": 7.361843521498812,
      "profile_full_debiased_jsd": 0.4771889928747846,
      "profile_target_jsd_debiased_mean": 0.6168536726476566,
      "profile_target_jsd_debiased_median": 0.6148024201393127,
      "profile_target_jsd_full_mean": 0.4088388131819562,
      "profile_target_jsd_full_median": 0.3955179303884506
    },
    "peak": {
      "count_full_debiased_abs": 0.2218821866310573,
      "count_mae_debiased": 190.45103454589844,
      "count_mae_full": 183.3290557861328,
      "count_pearson_debiased": 0.7806054314798884,
      "count_pearson_full": 0.7811276436086391,
      "count_spearman_debiased": 0.6000785849541009,
      "count_spearman_full": 0.6111594887490363,
      "effective_count_scale": 1.0,
      "effective_profile_scale": 1.0,
      "logcount_pearson_debiased": 0.6229338758007796,
      "logcount_pearson_full": 0.6861219538543292,
      "logcount_spearman_debiased": 0.6000790607334712,
      "logcount_spearman_full": 0.6111606720188439,
      "loss_count": 0.7005057628752178,
      "loss_debiased_count": 1.2325681275983156,
      "loss_debiased_profile": 6.751061369360004,
      "loss_profile": 5.792984203770501,
      "loss_total": 13.979674330559583,
      "n_examples": 31171,
      "profile_bias_rms_over_signal_rms": 6.528204791336522,
      "profile_full_debiased_jsd": 0.4766435587525861,
      "profile_target_jsd_debiased_mean": 0.5946577240256915,
      "profile_target_jsd_debiased_median": 0.5973849296569824,
      "profile_target_jsd_full_mean": 0.3688897109914914,
      "profile_target_jsd_full_median": 0.3697352707386017
    }
  },
  "split": "test",
  "training_mode": "full"
}
