{
  "batch_size": 64,
  "checkpoint": "/data1/zhoujiazhen/bylw_atac/TransChromBP/outputs/checkpoints/tutorial_bias2main_hybrid_20260315_1032_main_learnable/best.pt",
  "checkpoint_epoch": 10,
  "checkpoint_global_step": 84800,
  "data_config_path": "/data1/zhoujiazhen/bylw_atac/TransChromBP/configs/data/data_base.yaml",
  "dataset_size": 62342,
  "device": "cuda:0",
  "model_run_name": "tutorial_bias2main_hybrid_20260315_1032_main_learnable",
  "nonpeak_ratio": 1.0,
  "num_workers": 4,
  "results": {
    "nonpeak": {
      "count_full_debiased_abs": 2.001748412731832,
      "count_mae_debiased": 38.2383918762207,
      "count_mae_full": 47.74051284790039,
      "count_pearson_debiased": 0.13220275464084957,
      "count_pearson_full": 0.21259954667793055,
      "count_spearman_debiased": 0.2996167728328795,
      "count_spearman_full": 0.45791025840544153,
      "effective_count_scale": 1.3939288854599,
      "effective_profile_scale": 0.9835187196731567,
      "logcount_pearson_debiased": 0.3871485040224003,
      "logcount_pearson_full": 0.4933843174046269,
      "logcount_spearman_debiased": 0.30352108606938,
      "logcount_spearman_full": 0.4579138919035375,
      "loss_count": 1.473082105156807,
      "loss_debiased_count": 24.155894676938612,
      "loss_debiased_profile": 6.897462158222094,
      "loss_profile": 5.954605538776759,
      "loss_total": 23.170262261253285,
      "n_examples": 31171,
      "profile_bias_rms_over_signal_rms": 8.883419931583136,
      "profile_full_debiased_jsd": 0.4729248862610198,
      "profile_target_jsd_debiased_mean": 0.7062800394505064,
      "profile_target_jsd_debiased_median": 0.7150905728340149,
      "profile_target_jsd_full_mean": 0.571308480664896,
      "profile_target_jsd_full_median": 0.5636489391326904
    },
    "overall": {
      "count_full_debiased_abs": 1.1485602065950946,
      "count_mae_debiased": 116.12271118164062,
      "count_mae_full": 115.57660675048828,
      "count_pearson_debiased": 0.7871562806781816,
      "count_pearson_full": 0.7880223060272571,
      "count_spearman_debiased": 0.6649287782051773,
      "count_spearman_full": 0.6919712553076253,
      "effective_count_scale": 1.3939288854599,
      "effective_profile_scale": 0.9835187196731567,
      "logcount_pearson_debiased": 0.4925370576080098,
      "logcount_pearson_full": 0.7307409520602328,
      "logcount_spearman_debiased": 0.6655055340030667,
      "logcount_spearman_full": 0.6919724803773175,
      "loss_count": 1.052484942042431,
      "loss_debiased_count": 12.79052456750558,
      "loss_debiased_profile": 6.832908200114704,
      "loss_profile": 5.882316911168156,
      "loss_total": 18.182527044579636,
      "n_examples": 62342,
      "profile_bias_rms_over_signal_rms": 7.333360357052943,
      "profile_full_debiased_jsd": 0.47166534934369414,
      "profile_target_jsd_debiased_mean": 0.6514476712845457,
      "profile_target_jsd_debiased_median": 0.6569931507110596,
      "profile_target_jsd_full_mean": 0.4733147289885876,
      "profile_target_jsd_full_median": 0.4678255617618561
    },
    "peak": {
      "count_full_debiased_abs": 0.29537200042059186,
      "count_mae_debiased": 194.00701904296875,
      "count_mae_full": 183.41270446777344,
      "count_pearson_debiased": 0.7723842675166386,
      "count_pearson_full": 0.7736969534560009,
      "count_spearman_debiased": 0.5889733576285507,
      "count_spearman_full": 0.6089830638752942,
      "effective_count_scale": 1.3939288854599,
      "effective_profile_scale": 0.9835187196731567,
      "logcount_pearson_debiased": 0.595826012398721,
      "logcount_pearson_full": 0.7002447464588131,
      "logcount_spearman_debiased": 0.5889768640264332,
      "logcount_spearman_full": 0.6089861912637122,
      "loss_count": 0.6318877787846412,
      "loss_debiased_count": 1.4251544577147293,
      "loss_debiased_profile": 6.768354241211847,
      "loss_profile": 5.810028283513662,
      "loss_total": 13.194791827263492,
      "n_examples": 31171,
      "profile_bias_rms_over_signal_rms": 5.78330078142898,
      "profile_full_debiased_jsd": 0.47040581237952,
      "profile_target_jsd_debiased_mean": 0.5966153031204973,
      "profile_target_jsd_debiased_median": 0.5996449589729309,
      "profile_target_jsd_full_mean": 0.3753209773141914,
      "profile_target_jsd_full_median": 0.37693753838539124
    }
  },
  "split": "test",
  "training_mode": "full"
}
