{
  "batch_size": 64,
  "checkpoint": "/data1/zhoujiazhen/bylw_atac/TransChromBP/outputs/checkpoints/tutorial_bias2main_20260315_023539_main_learnable/best.pt",
  "checkpoint_epoch": 10,
  "checkpoint_global_step": 134910,
  "data_config_path": "/data1/zhoujiazhen/bylw_atac/TransChromBP/configs/data/data_base.yaml",
  "dataset_size": 38964,
  "device": "cuda:0",
  "model_run_name": "tutorial_bias2main_20260315_023539_main_learnable",
  "nonpeak_ratio": 0.25,
  "num_workers": 4,
  "results": {
    "nonpeak": {
      "count_full_debiased_abs": 0.17377072233880236,
      "count_mae_debiased": 170.1190643310547,
      "count_mae_full": 172.89657592773438,
      "count_pearson_debiased": 0.22917649395833525,
      "count_pearson_full": 0.2346214657841276,
      "count_spearman_debiased": 0.5040812683177517,
      "count_spearman_full": 0.5116065644805093,
      "effective_count_scale": 0.2001115381717682,
      "effective_profile_scale": 0.7996401786804199,
      "logcount_pearson_debiased": 0.5369345964694608,
      "logcount_pearson_full": 0.5031734029664484,
      "logcount_spearman_debiased": 0.5040874593479637,
      "logcount_spearman_full": 0.5116065644805093,
      "loss_count": 1.3086118306288224,
      "loss_debiased_count": 1.716524978481299,
      "loss_debiased_profile": 6.444052881076616,
      "loss_profile": 5.89917388403506,
      "loss_total": 6.030035076253943,
      "n_examples": 7793,
      "profile_bias_rms_over_signal_rms": 2.463292993845108,
      "profile_full_debiased_jsd": 0.37486721506615006,
      "profile_target_jsd_debiased_mean": 0.6636700354527023,
      "profile_target_jsd_debiased_median": 0.6682654023170471,
      "profile_target_jsd_full_mean": 0.5601515966792261,
      "profile_target_jsd_full_median": 0.5530677437782288
    },
    "overall": {
      "count_full_debiased_abs": 0.05367835072714278,
      "count_mae_debiased": 772.4832153320312,
      "count_mae_full": 770.1786499023438,
      "count_pearson_debiased": 0.8321422359843287,
      "count_pearson_full": 0.832166063754218,
      "count_spearman_debiased": 0.724872189383882,
      "count_spearman_full": 0.7251894569638068,
      "effective_count_scale": 0.2001115381717682,
      "effective_profile_scale": 0.7996401786804199,
      "logcount_pearson_debiased": 0.7580097181975691,
      "logcount_pearson_full": 0.7654171359574693,
      "logcount_spearman_debiased": 0.7248722396254399,
      "logcount_spearman_full": 0.7251894569638068,
      "loss_count": 0.8198495935199319,
      "loss_debiased_count": 0.9285016993075814,
      "loss_debiased_profile": 6.29715548642496,
      "loss_profile": 5.736975598538415,
      "loss_total": 5.818960563613458,
      "n_examples": 38964,
      "profile_bias_rms_over_signal_rms": 2.009681695247502,
      "profile_full_debiased_jsd": 0.3721815391850293,
      "profile_target_jsd_debiased_mean": 0.5396127257524419,
      "profile_target_jsd_debiased_median": 0.5331598520278931,
      "profile_target_jsd_full_mean": 0.3768688059160397,
      "profile_target_jsd_full_median": 0.365119993686676
    },
    "peak": {
      "count_full_debiased_abs": 0.023654294661824525,
      "count_mae_debiased": 923.0790405273438,
      "count_mae_full": 919.5039672851562,
      "count_pearson_debiased": 0.8207166696125694,
      "count_pearson_full": 0.8207418266506857,
      "count_spearman_debiased": 0.6349709935725528,
      "count_spearman_full": 0.6359675599670628,
      "effective_count_scale": 0.2001115381717682,
      "effective_profile_scale": 0.7996401786804199,
      "logcount_pearson_debiased": 0.6972527859408271,
      "logcount_pearson_full": 0.7007323340858833,
      "logcount_spearman_debiased": 0.6349709935725528,
      "logcount_spearman_full": 0.6359675599670628,
      "loss_count": 0.6976551140916194,
      "loss_debiased_count": 0.7314895592224288,
      "loss_debiased_profile": 6.2604299590537975,
      "loss_profile": 5.696424725662163,
      "loss_total": 5.766190241873963,
      "n_examples": 31171,
      "profile_bias_rms_over_signal_rms": 1.8962752318451868,
      "profile_full_debiased_jsd": 0.3715100985955337,
      "profile_target_jsd_debiased_mean": 0.5085974033574299,
      "profile_target_jsd_debiased_median": 0.5105609893798828,
      "profile_target_jsd_full_mean": 0.3310466382487237,
      "profile_target_jsd_full_median": 0.33313870429992676
    }
  },
  "split": "test",
  "training_mode": "full"
}
