{
  "batch_size": 64,
  "checkpoint": "/data1/zhoujiazhen/bylw_atac/TransChromBP/outputs/checkpoints/tutorial_real_baseline_20260313_1740/epoch_020.pt",
  "checkpoint_epoch": 20,
  "checkpoint_global_step": 1079340,
  "data_config_path": "/data1/zhoujiazhen/bylw_atac/TransChromBP/configs/data/data_base.yaml",
  "dataset_size": 62342,
  "device": "cuda:0",
  "model_run_name": "tutorial_real_baseline_20260313_1740",
  "num_workers": 4,
  "results": {
    "nonpeak": {
      "count_full_debiased_abs": 0.020971056871821995,
      "count_mae_debiased": 150.40338134765625,
      "count_mae_full": 150.11895751953125,
      "count_pearson_debiased": 0.18744501645850875,
      "count_pearson_full": 0.18746580007890842,
      "count_spearman_debiased": 0.557959148587833,
      "count_spearman_full": 0.5599286364490549,
      "effective_count_scale": 1.0771443843841553,
      "effective_profile_scale": 0.6954160928726196,
      "logcount_pearson_debiased": 0.5209926186399518,
      "logcount_pearson_full": 0.5097470641062959,
      "logcount_spearman_debiased": 0.5579591476852422,
      "logcount_spearman_full": 0.5599286364490549,
      "loss_count": 1.1651864459687402,
      "loss_debiased_count": 1.177501746578742,
      "loss_debiased_profile": 5.886812632705964,
      "loss_profile": 5.9372285608569,
      "loss_total": 6.053747204414694,
      "n_examples": 31171,
      "profile_bias_rms_over_signal_rms": 0.1513820436441123,
      "profile_full_debiased_jsd": 0.11232578876374497,
      "profile_target_jsd_debiased_mean": 0.5572574389242452,
      "profile_target_jsd_debiased_median": 0.5501886606216431,
      "profile_target_jsd_full_mean": 0.56348740092229,
      "profile_target_jsd_full_median": 0.5562883615493774
    },
    "overall": {
      "count_full_debiased_abs": 0.012079860830974072,
      "count_mae_debiased": 586.583740234375,
      "count_mae_full": 586.1724243164062,
      "count_pearson_debiased": 0.8252504673027207,
      "count_pearson_full": 0.8252511862794332,
      "count_spearman_debiased": 0.7521253995010486,
      "count_spearman_full": 0.7522358821034856,
      "effective_count_scale": 1.0771443843841553,
      "effective_profile_scale": 0.6954160928726196,
      "logcount_pearson_debiased": 0.7635284735171581,
      "logcount_pearson_full": 0.7618966829645916,
      "logcount_spearman_debiased": 0.7521253993492519,
      "logcount_spearman_full": 0.7522358821034856,
      "loss_count": 1.1373995086050008,
      "loss_debiased_count": 1.1476177341676967,
      "loss_debiased_profile": 5.7863705090083455,
      "loss_profile": 5.837092249467886,
      "loss_total": 5.950832195611795,
      "n_examples": 62342,
      "profile_bias_rms_over_signal_rms": 0.14801038496915966,
      "profile_full_debiased_jsd": 0.11258521739739219,
      "profile_target_jsd_debiased_mean": 0.44194080238930417,
      "profile_target_jsd_debiased_median": 0.44143079221248627,
      "profile_target_jsd_full_mean": 0.4536113944754962,
      "profile_target_jsd_full_median": 0.4514591246843338
    },
    "peak": {
      "count_full_debiased_abs": 0.0031886647882746547,
      "count_mae_debiased": 1022.7639770507812,
      "count_mae_full": 1022.2257690429688,
      "count_pearson_debiased": 0.8047993633597595,
      "count_pearson_full": 0.80480036081615,
      "count_spearman_debiased": 0.6251626712159062,
      "count_spearman_full": 0.6262284243524937,
      "effective_count_scale": 1.0771443843841553,
      "effective_profile_scale": 0.6954160928726196,
      "logcount_pearson_debiased": 0.6734442270300859,
      "logcount_pearson_full": 0.6739507603284444,
      "logcount_spearman_debiased": 0.6251626712159062,
      "logcount_spearman_full": 0.6262284243524937,
      "loss_count": 1.1096125710003262,
      "loss_debiased_count": 1.117733721699286,
      "loss_debiased_profile": 5.685928384775315,
      "loss_profile": 5.736955937956491,
      "loss_total": 5.8479171869618725,
      "n_examples": 31171,
      "profile_bias_rms_over_signal_rms": 0.14463872628082175,
      "profile_full_debiased_jsd": 0.11284464600857128,
      "profile_target_jsd_debiased_mean": 0.32662416585914356,
      "profile_target_jsd_debiased_median": 0.32861340045928955,
      "profile_target_jsd_full_mean": 0.3437353880334828,
      "profile_target_jsd_full_median": 0.34406599402427673
    }
  },
  "split": "test",
  "training_mode": "full"
}
