{
  "batch_size": 64,
  "checkpoint": "/data1/zhoujiazhen/bylw_atac/TransChromBP/outputs/checkpoints/tutorial_bias2main_hybrid_20260315_1032_bias_pretrain/best.pt",
  "checkpoint_epoch": 4,
  "checkpoint_global_step": 26828,
  "data_config_path": "/data1/zhoujiazhen/bylw_atac/TransChromBP/configs/data/data_base.yaml",
  "dataset_size": 31171,
  "device": "cuda:0",
  "model_run_name": "tutorial_bias2main_hybrid_20260315_1032_bias_pretrain",
  "nonpeak_ratio": 1.0,
  "num_workers": 4,
  "results": {
    "nonpeak": {
      "count_full_debiased_abs": 0.0,
      "count_mae_debiased": 15.898571968078613,
      "count_mae_full": 15.898571968078613,
      "count_pearson_debiased": 0.5412406274362279,
      "count_pearson_full": 0.5412406274362279,
      "count_spearman_debiased": 0.6501974168602177,
      "count_spearman_full": 0.6501974168602177,
      "effective_count_scale": 0.0,
      "effective_profile_scale": 0.0,
      "logcount_pearson_debiased": 0.6356562285347136,
      "logcount_pearson_full": 0.6356562285347136,
      "logcount_spearman_debiased": 0.6502025134641093,
      "logcount_spearman_full": 0.6502025134641093,
      "loss_count": 0.619846793066407,
      "loss_debiased_count": 0.619846793066407,
      "loss_debiased_profile": 5.927719364396945,
      "loss_profile": 5.927719364396945,
      "loss_total": 7.106718473081688,
      "n_examples": 31171,
      "profile_bias_rms_over_signal_rms": 0.0,
      "profile_full_debiased_jsd": 0.0,
      "profile_target_jsd_debiased_mean": 0.5692025296836313,
      "profile_target_jsd_debiased_median": 0.5618191361427307,
      "profile_target_jsd_full_mean": 0.5692025296836313,
      "profile_target_jsd_full_median": 0.5618191361427307
    },
    "overall": {
      "count_full_debiased_abs": 0.0,
      "count_mae_debiased": 15.898571968078613,
      "count_mae_full": 15.898571968078613,
      "count_pearson_debiased": 0.5412406274362279,
      "count_pearson_full": 0.5412406274362279,
      "count_spearman_debiased": 0.6501974168602177,
      "count_spearman_full": 0.6501974168602177,
      "effective_count_scale": 0.0,
      "effective_profile_scale": 0.0,
      "logcount_pearson_debiased": 0.6356562285347136,
      "logcount_pearson_full": 0.6356562285347136,
      "logcount_spearman_debiased": 0.6502025134641093,
      "logcount_spearman_full": 0.6502025134641093,
      "loss_count": 0.619846793066407,
      "loss_debiased_count": 0.619846793066407,
      "loss_debiased_profile": 5.927719364396945,
      "loss_profile": 5.927719364396945,
      "loss_total": 7.106718473081688,
      "n_examples": 31171,
      "profile_bias_rms_over_signal_rms": 0.0,
      "profile_full_debiased_jsd": 0.0,
      "profile_target_jsd_debiased_mean": 0.5692025296836313,
      "profile_target_jsd_debiased_median": 0.5618191361427307,
      "profile_target_jsd_full_mean": 0.5692025296836313,
      "profile_target_jsd_full_median": 0.5618191361427307
    }
  },
  "split": "test",
  "training_mode": "bias_pretrain"
}
