{
  "batch_size": 64,
  "checkpoint": "/data1/zhoujiazhen/bylw_atac/TransChromBP/outputs/checkpoints/tutorial_bias2main_20260315_023539_bias_pretrain/best.pt",
  "checkpoint_epoch": 1,
  "checkpoint_global_step": 6707,
  "data_config_path": "/data1/zhoujiazhen/bylw_atac/TransChromBP/configs/data/data_base.yaml",
  "dataset_size": 31171,
  "device": "cuda:0",
  "model_run_name": "tutorial_bias2main_20260315_023539_bias_pretrain",
  "num_workers": 2,
  "results": {
    "overall": {
      "count_full_debiased_abs": 0.0,
      "count_mae_debiased": 1952.369873046875,
      "count_mae_full": 1952.369873046875,
      "count_pearson_debiased": -0.008925154776677945,
      "count_pearson_full": -0.008925154776677945,
      "count_spearman_debiased": 0.11498829939684654,
      "count_spearman_full": 0.11498829939684654,
      "effective_count_scale": 0.0,
      "effective_profile_scale": 0.0,
      "logcount_pearson_debiased": 0.10022401619233598,
      "logcount_pearson_full": 0.10022401619233598,
      "logcount_spearman_debiased": 0.11498829939684654,
      "logcount_spearman_full": 0.11498829939684654,
      "loss_count": 7.974179295510515,
      "loss_debiased_count": 7.974179295510515,
      "loss_debiased_profile": 5.891798888626214,
      "loss_profile": 5.891798888626214,
      "loss_total": 6.689216828301125,
      "n_examples": 31171,
      "profile_bias_rms_over_signal_rms": 0.0,
      "profile_full_debiased_jsd": 0.0,
      "profile_target_jsd_debiased_mean": 0.40024037147755,
      "profile_target_jsd_debiased_median": 0.40302956104278564,
      "profile_target_jsd_full_mean": 0.40024037147755,
      "profile_target_jsd_full_median": 0.40302956104278564
    },
    "peak": {
      "count_full_debiased_abs": 0.0,
      "count_mae_debiased": 1952.369873046875,
      "count_mae_full": 1952.369873046875,
      "count_pearson_debiased": -0.008925154776677945,
      "count_pearson_full": -0.008925154776677945,
      "count_spearman_debiased": 0.11498829939684654,
      "count_spearman_full": 0.11498829939684654,
      "effective_count_scale": 0.0,
      "effective_profile_scale": 0.0,
      "logcount_pearson_debiased": 0.10022401619233598,
      "logcount_pearson_full": 0.10022401619233598,
      "logcount_spearman_debiased": 0.11498829939684654,
      "logcount_spearman_full": 0.11498829939684654,
      "loss_count": 7.974179295510515,
      "loss_debiased_count": 7.974179295510515,
      "loss_debiased_profile": 5.891798888626214,
      "loss_profile": 5.891798888626214,
      "loss_total": 6.689216828301125,
      "n_examples": 31171,
      "profile_bias_rms_over_signal_rms": 0.0,
      "profile_full_debiased_jsd": 0.0,
      "profile_target_jsd_debiased_mean": 0.40024037147755,
      "profile_target_jsd_debiased_median": 0.40302956104278564,
      "profile_target_jsd_full_mean": 0.40024037147755,
      "profile_target_jsd_full_median": 0.40302956104278564
    }
  },
  "split": "test",
  "training_mode": "bias_pretrain"
}
