{
  "batch_size": 64,
  "checkpoint": "/data1/zhoujiazhen/bylw_atac/TransChromBP/outputs/checkpoints/tutorial_bias2main_hybrid_20260315_1032_main_fixed/best.pt",
  "checkpoint_epoch": 8,
  "checkpoint_global_step": 67840,
  "data_config_path": "/data1/zhoujiazhen/bylw_atac/TransChromBP/configs/data/data_base.yaml",
  "dataset_size": 38964,
  "device": "cuda:0",
  "model_run_name": "tutorial_bias2main_hybrid_20260315_1032_main_fixed",
  "num_workers": 4,
  "results": {
    "nonpeak": {
      "count_full_debiased_abs": 0.7017557337243399,
      "count_mae_debiased": 38.773338317871094,
      "count_mae_full": 50.524383544921875,
      "count_pearson_debiased": 0.2363908357131917,
      "count_pearson_full": 0.29571768886735017,
      "count_spearman_debiased": 0.4290766128875838,
      "count_spearman_full": 0.5107547942331417,
      "effective_count_scale": 1.0,
      "effective_profile_scale": 1.0,
      "logcount_pearson_debiased": 0.45213628155526064,
      "logcount_pearson_full": 0.5157068396299557,
      "logcount_spearman_debiased": 0.42957843905667464,
      "logcount_spearman_full": 0.5107373263843604,
      "loss_count": 1.5590980763951177,
      "loss_debiased_count": 4.006514692067886,
      "loss_debiased_profile": 6.896860679368007,
      "loss_profile": 5.959822295061755,
      "loss_total": 24.180732823727634,
      "n_examples": 7793,
      "profile_bias_rms_over_signal_rms": 8.950776807123471,
      "profile_full_debiased_jsd": 0.47752400141280593,
      "profile_target_jsd_debiased_mean": 0.7060431777385486,
      "profile_target_jsd_debiased_median": 0.7147698402404785,
      "profile_target_jsd_full_mean": 0.5707638142665115,
      "profile_target_jsd_full_median": 0.5636701583862305
    },
    "overall": {
      "count_full_debiased_abs": 0.28233338668965396,
      "count_mae_debiased": 167.00836181640625,
      "count_mae_full": 163.1886444091797,
      "count_pearson_debiased": 0.7841048355428338,
      "count_pearson_full": 0.7839357957121459,
      "count_spearman_debiased": 0.6680243546591991,
      "count_spearman_full": 0.6672359382137931,
      "effective_count_scale": 1.0,
      "effective_profile_scale": 1.0,
      "logcount_pearson_debiased": 0.6477226405715775,
      "logcount_pearson_full": 0.7267575129695685,
      "logcount_spearman_debiased": 0.6680318770917228,
      "logcount_spearman_full": 0.6672352348506919,
      "loss_count": 0.8187959090100092,
      "loss_debiased_count": 1.5022028087039905,
      "loss_debiased_profile": 6.797438568212746,
      "loss_profile": 5.846193052980521,
      "loss_total": 15.415319711199386,
      "n_examples": 38964,
      "profile_bias_rms_over_signal_rms": 6.604892911931571,
      "profile_full_debiased_jsd": 0.47553140703638824,
      "profile_target_jsd_debiased_mean": 0.6190583858952693,
      "profile_target_jsd_debiased_median": 0.6167712211608887,
      "profile_target_jsd_full_mean": 0.4156905176505613,
      "profile_target_jsd_full_median": 0.40325258672237396
    },
    "peak": {
      "count_full_debiased_abs": 0.17747443583056105,
      "count_mae_debiased": 199.0681610107422,
      "count_mae_full": 191.35562133789062,
      "count_pearson_debiased": 0.7737336902372598,
      "count_pearson_full": 0.7738812071599163,
      "count_spearman_debiased": 0.6060980631225992,
      "count_spearman_full": 0.6138194234886375,
      "effective_count_scale": 1.0,
      "effective_profile_scale": 1.0,
      "logcount_pearson_debiased": 0.6731055064236678,
      "logcount_pearson_full": 0.6989584993815614,
      "logcount_spearman_debiased": 0.6060984952032493,
      "logcount_spearman_full": 0.6138198932897208,
      "loss_count": 0.6337144295953147,
      "loss_debiased_count": 0.8761047531266614,
      "loss_debiased_profile": 6.772582241776841,
      "loss_profile": 5.817784831611932,
      "loss_total": 13.223896133571175,
      "n_examples": 31171,
      "profile_bias_rms_over_signal_rms": 6.018403124065044,
      "profile_full_debiased_jsd": 0.47503324240663125,
      "profile_target_jsd_debiased_mean": 0.5973114902924759,
      "profile_target_jsd_debiased_median": 0.6003546118736267,
      "profile_target_jsd_full_mean": 0.37692094976605006,
      "profile_target_jsd_full_median": 0.37900108098983765
    }
  },
  "split": "test",
  "training_mode": "full"
}
