{
  "batch_size": 64,
  "checkpoint": "/data1/zhoujiazhen/bylw_atac/TransChromBP/outputs/checkpoints/tutorial_bias2main_hybrid_20260315_1032_main_learnable/epoch_020.pt",
  "checkpoint_epoch": 20,
  "checkpoint_global_step": 169600,
  "data_config_path": "/data1/zhoujiazhen/bylw_atac/TransChromBP/configs/data/data_base.yaml",
  "dataset_size": 38964,
  "device": "cuda:0",
  "model_run_name": "tutorial_bias2main_hybrid_20260315_1032_main_learnable",
  "num_workers": 4,
  "results": {
    "nonpeak": {
      "count_full_debiased_abs": 2.348674249667404,
      "count_mae_debiased": 34.89520263671875,
      "count_mae_full": 36.9166145324707,
      "count_pearson_debiased": 0.15744471047691955,
      "count_pearson_full": 0.23216725790747197,
      "count_spearman_debiased": 0.34147390058142374,
      "count_spearman_full": 0.47956155645728504,
      "effective_count_scale": 1.0948762893676758,
      "effective_profile_scale": 0.9823676943778992,
      "logcount_pearson_debiased": 0.4314764766645865,
      "logcount_pearson_full": 0.49893102701450276,
      "logcount_spearman_debiased": 0.35283756844070285,
      "logcount_spearman_full": 0.47955879325001916,
      "loss_count": 1.1512478151600427,
      "loss_debiased_count": 24.570681716730977,
      "loss_debiased_profile": 6.88539198943101,
      "loss_profile": 5.941287842761196,
      "loss_total": 19.395722723429397,
      "n_examples": 7793,
      "profile_bias_rms_over_signal_rms": 10.275925170529352,
      "profile_full_debiased_jsd": 0.47403897734565176,
      "profile_target_jsd_debiased_mean": 0.7056531967236936,
      "profile_target_jsd_debiased_median": 0.7149410247802734,
      "profile_target_jsd_full_mean": 0.5697530406890166,
      "profile_target_jsd_full_median": 0.5629833340644836
    },
    "overall": {
      "count_full_debiased_abs": 0.7331304476254041,
      "count_mae_debiased": 165.83248901367188,
      "count_mae_full": 157.4629669189453,
      "count_pearson_debiased": 0.7932711786863048,
      "count_pearson_full": 0.794237732362717,
      "count_spearman_debiased": 0.6732872792314044,
      "count_spearman_full": 0.6814339791293894,
      "effective_count_scale": 1.0948762893676758,
      "effective_profile_scale": 0.9823676943778992,
      "logcount_pearson_debiased": 0.5804402530241287,
      "logcount_pearson_full": 0.7368988239725056,
      "logcount_spearman_debiased": 0.6736496571301887,
      "logcount_spearman_full": 0.6814355351303788,
      "loss_count": 0.8615830135582874,
      "loss_debiased_count": 6.581811082961561,
      "loss_debiased_profile": 6.779632752123536,
      "loss_profile": 5.824031079210744,
      "loss_total": 15.893203277556562,
      "n_examples": 38964,
      "profile_bias_rms_over_signal_rms": 7.157982104686897,
      "profile_full_debiased_jsd": 0.47187389021731907,
      "profile_target_jsd_debiased_mean": 0.6171882235246791,
      "profile_target_jsd_debiased_median": 0.6152332723140717,
      "profile_target_jsd_full_mean": 0.4106645405651234,
      "profile_target_jsd_full_median": 0.3980155438184738
    },
    "peak": {
      "count_full_debiased_abs": 0.3292315399326755,
      "count_mae_debiased": 198.56785583496094,
      "count_mae_full": 187.60049438476562,
      "count_pearson_debiased": 0.7828695606161372,
      "count_pearson_full": 0.7839414052291351,
      "count_spearman_debiased": 0.5996641321231115,
      "count_spearman_full": 0.6153857321144088,
      "effective_count_scale": 1.0948762893676758,
      "effective_profile_scale": 0.9823676943778992,
      "logcount_pearson_debiased": 0.5646116040915936,
      "logcount_pearson_full": 0.6911824871606144,
      "logcount_spearman_debiased": 0.5996737082228694,
      "logcount_spearman_full": 0.6153887690919709,
      "loss_count": 0.7891644896169564,
      "loss_debiased_count": 2.0844491469887707,
      "loss_debiased_profile": 6.753192094287821,
      "loss_profile": 5.794715947677448,
      "loss_total": 15.017545320680911,
      "n_examples": 31171,
      "profile_bias_rms_over_signal_rms": 6.378471329384209,
      "profile_full_debiased_jsd": 0.4713326010314414,
      "profile_target_jsd_debiased_mean": 0.5950712707114898,
      "profile_target_jsd_debiased_median": 0.5978869795799255,
      "profile_target_jsd_full_mean": 0.370891139599633,
      "profile_target_jsd_full_median": 0.3717483878135681
    }
  },
  "split": "test",
  "training_mode": "full"
}
