{
  "batch_size": 64,
  "checkpoint": "/data1/zhoujiazhen/bylw_atac/TransChromBP/outputs/checkpoints/tutorial_bias2main_20260315_023539_main_learnable/epoch_020.pt",
  "checkpoint_epoch": 20,
  "checkpoint_global_step": 269820,
  "data_config_path": "/data1/zhoujiazhen/bylw_atac/TransChromBP/configs/data/data_base.yaml",
  "dataset_size": 62342,
  "device": "cuda:0",
  "model_run_name": "tutorial_bias2main_20260315_023539_main_learnable",
  "num_workers": 2,
  "results": {
    "nonpeak": {
      "count_full_debiased_abs": 0.14629476623851853,
      "count_mae_debiased": 153.34620666503906,
      "count_mae_full": 152.73123168945312,
      "count_pearson_debiased": 0.23275603774024597,
      "count_pearson_full": 0.23592193851129206,
      "count_spearman_debiased": 0.5555340164580939,
      "count_spearman_full": 0.5595556147886475,
      "effective_count_scale": 0.11112218350172043,
      "effective_profile_scale": 0.763638973236084,
      "logcount_pearson_debiased": 0.5743058716164706,
      "logcount_pearson_full": 0.5503414820977709,
      "logcount_spearman_debiased": 0.5555389941461195,
      "logcount_spearman_full": 0.5595556147886475,
      "loss_count": 1.1314647361310612,
      "loss_debiased_count": 1.6460660849482318,
      "loss_debiased_profile": 6.369282985895424,
      "loss_profile": 5.893723839695608,
      "loss_total": 6.00687031539242,
      "n_examples": 31171,
      "profile_bias_rms_over_signal_rms": 2.0716470810964025,
      "profile_full_debiased_jsd": 0.35529033250224507,
      "profile_target_jsd_debiased_mean": 0.6546324541956183,
      "profile_target_jsd_debiased_median": 0.6574342846870422,
      "profile_target_jsd_full_mean": 0.5580871864177621,
      "profile_target_jsd_full_median": 0.5506851077079773
    },
    "overall": {
      "count_full_debiased_abs": 0.08182299338659528,
      "count_mae_debiased": 563.9495849609375,
      "count_mae_full": 562.0654907226562,
      "count_pearson_debiased": 0.8347146092062832,
      "count_pearson_full": 0.8347080102662967,
      "count_spearman_debiased": 0.755783791616187,
      "count_spearman_full": 0.7559174341742448,
      "effective_count_scale": 0.11112218350172043,
      "effective_profile_scale": 0.763638973236084,
      "logcount_pearson_debiased": 0.7549414993199658,
      "logcount_pearson_full": 0.7732390546819595,
      "logcount_spearman_debiased": 0.7557843515458036,
      "logcount_spearman_full": 0.7559174341742448,
      "loss_count": 1.0291464095938512,
      "loss_debiased_count": 1.3045894781911627,
      "loss_debiased_profile": 6.276000720574787,
      "loss_profile": 5.792097818426584,
      "loss_total": 5.895012463195802,
      "n_examples": 62342,
      "profile_bias_rms_over_signal_rms": 1.8517504171053762,
      "profile_full_debiased_jsd": 0.35374917577497883,
      "profile_target_jsd_debiased_mean": 0.5732230177134059,
      "profile_target_jsd_debiased_median": 0.5753097236156464,
      "profile_target_jsd_full_mean": 0.44283881888440335,
      "profile_target_jsd_full_median": 0.4420040398836136
    },
    "peak": {
      "count_full_debiased_abs": 0.01735122052152578,
      "count_mae_debiased": 974.5528564453125,
      "count_mae_full": 971.3997802734375,
      "count_pearson_debiased": 0.8141120055221082,
      "count_pearson_full": 0.8141067880111876,
      "count_spearman_debiased": 0.6350071181679782,
      "count_spearman_full": 0.63561451444003,
      "effective_count_scale": 0.11112218350172043,
      "effective_profile_scale": 0.763638973236084,
      "logcount_pearson_debiased": 0.6857896538378251,
      "logcount_pearson_full": 0.6883917366707093,
      "logcount_spearman_debiased": 0.6350071181679782,
      "logcount_spearman_full": 0.63561451444003,
      "loss_count": 0.9268280830011878,
      "loss_debiased_count": 0.9631128713958498,
      "loss_debiased_profile": 6.182718455055283,
      "loss_profile": 5.690471797616484,
      "loss_total": 5.7831546116569745,
      "n_examples": 31171,
      "profile_bias_rms_over_signal_rms": 1.6318537530225654,
      "profile_full_debiased_jsd": 0.35220801904293214,
      "profile_target_jsd_debiased_mean": 0.4918135812321494,
      "profile_target_jsd_debiased_median": 0.4929622411727905,
      "profile_target_jsd_full_mean": 0.3275904513500885,
      "profile_target_jsd_full_median": 0.329861044883728
    }
  },
  "split": "test",
  "training_mode": "full"
}
