{
  "batch_size": 64,
  "checkpoint": "/data1/zhoujiazhen/bylw_atac/TransChromBP/outputs/checkpoints/tutorial_bias2main_hybrid_20260315_1032_main_learnable/epoch_020.pt",
  "checkpoint_epoch": 20,
  "checkpoint_global_step": 169600,
  "data_config_path": "/data1/zhoujiazhen/bylw_atac/TransChromBP/configs/data/data_base.yaml",
  "dataset_size": 62342,
  "device": "cuda:0",
  "model_run_name": "tutorial_bias2main_hybrid_20260315_1032_main_learnable",
  "nonpeak_ratio": 1.0,
  "num_workers": 4,
  "results": {
    "nonpeak": {
      "count_full_debiased_abs": 2.390644456137019,
      "count_mae_debiased": 35.00994110107422,
      "count_mae_full": 36.911659240722656,
      "count_pearson_debiased": 0.16039923219310429,
      "count_pearson_full": 0.2344612887408367,
      "count_spearman_debiased": 0.3409899767168983,
      "count_spearman_full": 0.48275899906388114,
      "effective_count_scale": 1.0948762893676758,
      "effective_profile_scale": 0.9823676943778992,
      "logcount_pearson_debiased": 0.44163812502264554,
      "logcount_pearson_full": 0.508152657287177,
      "logcount_spearman_debiased": 0.3531494076397763,
      "logcount_spearman_full": 0.48276369376109446,
      "loss_count": 1.1453941133138492,
      "loss_debiased_count": 25.28501926720236,
      "loss_debiased_profile": 6.885225045876425,
      "loss_profile": 5.94151838739569,
      "loss_total": 19.32754204680213,
      "n_examples": 31171,
      "profile_bias_rms_over_signal_rms": 10.301438228896851,
      "profile_full_debiased_jsd": 0.47402095635297314,
      "profile_target_jsd_debiased_mean": 0.7056754670718938,
      "profile_target_jsd_debiased_median": 0.7147945761680603,
      "profile_target_jsd_full_mean": 0.5696237577141385,
      "profile_target_jsd_full_median": 0.5619412660598755
    },
    "overall": {
      "count_full_debiased_abs": 1.3599379979697135,
      "count_mae_debiased": 116.78888702392578,
      "count_mae_full": 112.25608825683594,
      "count_pearson_debiased": 0.7992873859911401,
      "count_pearson_full": 0.799975353836099,
      "count_spearman_debiased": 0.6777099145455054,
      "count_spearman_full": 0.6989417413476373,
      "effective_count_scale": 1.0948762893676758,
      "effective_profile_scale": 0.9823676943778992,
      "logcount_pearson_debiased": 0.5532837470842502,
      "logcount_pearson_full": 0.7396519661763782,
      "logcount_spearman_debiased": 0.679673411163917,
      "logcount_spearman_full": 0.6989435997330322,
      "loss_count": 0.9672793015827631,
      "loss_debiased_count": 13.684734209421139,
      "loss_debiased_profile": 6.819208570609885,
      "loss_profile": 5.868117168209657,
      "loss_total": 17.17254368555427,
      "n_examples": 62342,
      "profile_bias_rms_over_signal_rms": 8.339954779706536,
      "profile_full_debiased_jsd": 0.4726767787299729,
      "profile_target_jsd_debiased_mean": 0.6503733688916918,
      "profile_target_jsd_debiased_median": 0.656515508890152,
      "profile_target_jsd_full_mean": 0.4702574486573638,
      "profile_target_jsd_full_median": 0.46522966027259827
    },
    "peak": {
      "count_full_debiased_abs": 0.3292315399326755,
      "count_mae_debiased": 198.56785583496094,
      "count_mae_full": 187.60049438476562,
      "count_pearson_debiased": 0.7828695606161372,
      "count_pearson_full": 0.7839414052291351,
      "count_spearman_debiased": 0.5996641321231115,
      "count_spearman_full": 0.6153857321144088,
      "effective_count_scale": 1.0948762893676758,
      "effective_profile_scale": 0.9823676943778992,
      "logcount_pearson_debiased": 0.5646116040915936,
      "logcount_pearson_full": 0.6911824871606144,
      "logcount_spearman_debiased": 0.5996737082228694,
      "logcount_spearman_full": 0.6153887690919709,
      "loss_count": 0.7891644896169564,
      "loss_debiased_count": 2.0844491469887707,
      "loss_debiased_profile": 6.753192094287821,
      "loss_profile": 5.794715947677448,
      "loss_total": 15.017545320680911,
      "n_examples": 31171,
      "profile_bias_rms_over_signal_rms": 6.378471329384209,
      "profile_full_debiased_jsd": 0.4713326010314414,
      "profile_target_jsd_debiased_mean": 0.5950712707114898,
      "profile_target_jsd_debiased_median": 0.5978869795799255,
      "profile_target_jsd_full_mean": 0.370891139599633,
      "profile_target_jsd_full_median": 0.3717483878135681
    }
  },
  "split": "test",
  "training_mode": "full"
}
