{
  "batch_size": 64,
  "checkpoint": "/data1/zhoujiazhen/bylw_atac/TransChromBP/outputs/checkpoints/tutorial_bias2main_hybrid_20260315_1032_main_fixed/best.pt",
  "checkpoint_epoch": 8,
  "checkpoint_global_step": 67840,
  "data_config_path": "/data1/zhoujiazhen/bylw_atac/TransChromBP/configs/data/data_base.yaml",
  "dataset_size": 62342,
  "device": "cuda:0",
  "model_run_name": "tutorial_bias2main_hybrid_20260315_1032_main_fixed",
  "nonpeak_ratio": 1.0,
  "num_workers": 4,
  "results": {
    "nonpeak": {
      "count_full_debiased_abs": 0.7150961807054006,
      "count_mae_debiased": 39.54193115234375,
      "count_mae_full": 51.09689712524414,
      "count_pearson_debiased": 0.23270641396207387,
      "count_pearson_full": 0.29138473811615945,
      "count_spearman_debiased": 0.4277028201596443,
      "count_spearman_full": 0.5101979088290614,
      "effective_count_scale": 1.0,
      "effective_profile_scale": 1.0,
      "logcount_pearson_debiased": 0.4637644671209743,
      "logcount_pearson_full": 0.5222521168532677,
      "logcount_spearman_debiased": 0.42824008276193054,
      "logcount_spearman_full": 0.5102010812930089,
      "loss_count": 1.5687420161946561,
      "loss_debiased_count": 4.220112989697709,
      "loss_debiased_profile": 6.896065939463641,
      "loss_profile": 5.9592017303520155,
      "loss_total": 24.292819315160855,
      "n_examples": 31171,
      "profile_bias_rms_over_signal_rms": 9.024900492696023,
      "profile_full_debiased_jsd": 0.47742596949582106,
      "profile_target_jsd_debiased_mean": 0.7060616229295134,
      "profile_target_jsd_debiased_median": 0.7148413062095642,
      "profile_target_jsd_full_mean": 0.5705661831286143,
      "profile_target_jsd_full_median": 0.5627604722976685
    },
    "overall": {
      "count_full_debiased_abs": 0.44628530831184154,
      "count_mae_debiased": 119.30506134033203,
      "count_mae_full": 121.22624969482422,
      "count_pearson_debiased": 0.7869289109056294,
      "count_pearson_full": 0.7859961630625497,
      "count_spearman_debiased": 0.6758961104157754,
      "count_spearman_full": 0.6819366572631899,
      "effective_count_scale": 1.0,
      "effective_profile_scale": 1.0,
      "logcount_pearson_debiased": 0.5924564492151251,
      "logcount_pearson_full": 0.7169277505393008,
      "logcount_spearman_debiased": 0.6759735756063249,
      "logcount_spearman_full": 0.6819373576420532,
      "loss_count": 1.10122822302107,
      "loss_debiased_count": 2.548108871393631,
      "loss_debiased_profile": 6.83432409050551,
      "loss_profile": 5.888493281440898,
      "loss_total": 18.758357727823242,
      "n_examples": 62342,
      "profile_bias_rms_over_signal_rms": 7.521651808892999,
      "profile_full_debiased_jsd": 0.47622960599186004,
      "profile_target_jsd_debiased_mean": 0.6516865566109946,
      "profile_target_jsd_debiased_median": 0.6570901274681091,
      "profile_target_jsd_full_mean": 0.4737435664473322,
      "profile_target_jsd_full_median": 0.46772441267967224
    },
    "peak": {
      "count_full_debiased_abs": 0.17747443583056105,
      "count_mae_debiased": 199.0681610107422,
      "count_mae_full": 191.35562133789062,
      "count_pearson_debiased": 0.7737336902372598,
      "count_pearson_full": 0.7738812071599163,
      "count_spearman_debiased": 0.6060980631225992,
      "count_spearman_full": 0.6138194234886375,
      "effective_count_scale": 1.0,
      "effective_profile_scale": 1.0,
      "logcount_pearson_debiased": 0.6731055064236678,
      "logcount_pearson_full": 0.6989584993815614,
      "logcount_spearman_debiased": 0.6060984952032493,
      "logcount_spearman_full": 0.6138198932897208,
      "loss_count": 0.6337144295953147,
      "loss_debiased_count": 0.8761047531266614,
      "loss_debiased_profile": 6.772582241776841,
      "loss_profile": 5.817784831611932,
      "loss_total": 13.223896133571175,
      "n_examples": 31171,
      "profile_bias_rms_over_signal_rms": 6.018403124065044,
      "profile_full_debiased_jsd": 0.47503324240663125,
      "profile_target_jsd_debiased_mean": 0.5973114902924759,
      "profile_target_jsd_debiased_median": 0.6003546118736267,
      "profile_target_jsd_full_mean": 0.37692094976605006,
      "profile_target_jsd_full_median": 0.37900108098983765
    }
  },
  "split": "test",
  "training_mode": "full"
}
