{
  "batch_size": 64,
  "checkpoint": "/data1/zhoujiazhen/bylw_atac/TransChromBP/outputs/checkpoints/tutorial_bias2main_20260315_023539_bias_pretrain/best.pt",
  "checkpoint_epoch": 1,
  "checkpoint_global_step": 6707,
  "data_config_path": "/data1/zhoujiazhen/bylw_atac/TransChromBP/configs/data/data_base.yaml",
  "dataset_size": 31171,
  "device": "cuda:0",
  "model_run_name": "tutorial_bias2main_20260315_023539_bias_pretrain",
  "num_workers": 2,
  "results": {
    "nonpeak": {
      "count_full_debiased_abs": 0.0,
      "count_mae_debiased": 104.9727783203125,
      "count_mae_full": 104.9727783203125,
      "count_pearson_debiased": 0.4633104716331372,
      "count_pearson_full": 0.4633104716331372,
      "count_spearman_debiased": 0.5793734280306062,
      "count_spearman_full": 0.5793734280306062,
      "effective_count_scale": 0.0,
      "effective_profile_scale": 0.0,
      "logcount_pearson_debiased": 0.5400577460186465,
      "logcount_pearson_full": 0.5400577460186465,
      "logcount_spearman_debiased": 0.5793734280306062,
      "logcount_spearman_full": 0.5793734280306062,
      "loss_count": 1.1095038493249962,
      "loss_debiased_count": 1.1095038493249962,
      "loss_debiased_profile": 5.922120436396438,
      "loss_profile": 5.922120436396438,
      "loss_total": 6.033070824143287,
      "n_examples": 31171,
      "profile_bias_rms_over_signal_rms": 0.0,
      "profile_full_debiased_jsd": 0.0,
      "profile_target_jsd_debiased_mean": 0.568527515195897,
      "profile_target_jsd_debiased_median": 0.5610002875328064,
      "profile_target_jsd_full_mean": 0.568527515195897,
      "profile_target_jsd_full_median": 0.5610002875328064
    },
    "overall": {
      "count_full_debiased_abs": 0.0,
      "count_mae_debiased": 104.9727783203125,
      "count_mae_full": 104.9727783203125,
      "count_pearson_debiased": 0.4633104716331372,
      "count_pearson_full": 0.4633104716331372,
      "count_spearman_debiased": 0.5793734280306062,
      "count_spearman_full": 0.5793734280306062,
      "effective_count_scale": 0.0,
      "effective_profile_scale": 0.0,
      "logcount_pearson_debiased": 0.5400577460186465,
      "logcount_pearson_full": 0.5400577460186465,
      "logcount_spearman_debiased": 0.5793734280306062,
      "logcount_spearman_full": 0.5793734280306062,
      "loss_count": 1.1095038493249962,
      "loss_debiased_count": 1.1095038493249962,
      "loss_debiased_profile": 5.922120436396438,
      "loss_profile": 5.922120436396438,
      "loss_total": 6.033070824143287,
      "n_examples": 31171,
      "profile_bias_rms_over_signal_rms": 0.0,
      "profile_full_debiased_jsd": 0.0,
      "profile_target_jsd_debiased_mean": 0.568527515195897,
      "profile_target_jsd_debiased_median": 0.5610002875328064,
      "profile_target_jsd_full_mean": 0.568527515195897,
      "profile_target_jsd_full_median": 0.5610002875328064
    }
  },
  "split": "test",
  "training_mode": "bias_pretrain"
}
