{
  "batch_size": 64,
  "checkpoint": "/data1/zhoujiazhen/bylw_atac/TransChromBP/outputs/checkpoints/tutorial_bias2main_20260315_023539_main_learnable/best.pt",
  "checkpoint_epoch": 10,
  "checkpoint_global_step": 134910,
  "data_config_path": "/data1/zhoujiazhen/bylw_atac/TransChromBP/configs/data/data_base.yaml",
  "dataset_size": 62342,
  "device": "cuda:0",
  "model_run_name": "tutorial_bias2main_20260315_023539_main_learnable",
  "num_workers": 2,
  "results": {
    "nonpeak": {
      "count_full_debiased_abs": 0.1810631396264533,
      "count_mae_debiased": 171.25306701660156,
      "count_mae_full": 173.93714904785156,
      "count_pearson_debiased": 0.22216938954615423,
      "count_pearson_full": 0.22756467875048703,
      "count_spearman_debiased": 0.5036788115906956,
      "count_spearman_full": 0.5112966999165253,
      "effective_count_scale": 0.2001115381717682,
      "effective_profile_scale": 0.7996401786804199,
      "logcount_pearson_debiased": 0.5479969021280876,
      "logcount_pearson_full": 0.5160516556673693,
      "logcount_spearman_debiased": 0.5036904211834128,
      "logcount_spearman_full": 0.5112966999165253,
      "loss_count": 1.3041446103248402,
      "loss_debiased_count": 1.7454946167770156,
      "loss_debiased_profile": 6.444231347596235,
      "loss_profile": 5.8989822476359395,
      "loss_total": 6.029396697541816,
      "n_examples": 31171,
      "profile_bias_rms_over_signal_rms": 2.46231677740165,
      "profile_full_debiased_jsd": 0.374970091286639,
      "profile_target_jsd_debiased_mean": 0.6636637353201251,
      "profile_target_jsd_debiased_median": 0.6676986813545227,
      "profile_target_jsd_full_mean": 0.559942338946105,
      "profile_target_jsd_full_median": 0.5523096323013306
    },
    "overall": {
      "count_full_debiased_abs": 0.1023587171409121,
      "count_mae_debiased": 547.166015625,
      "count_mae_full": 546.7205200195312,
      "count_pearson_debiased": 0.8415449473826518,
      "count_pearson_full": 0.8415657328006853,
      "count_spearman_debiased": 0.7544571428585486,
      "count_spearman_full": 0.7552511941901153,
      "effective_count_scale": 0.2001115381717682,
      "effective_profile_scale": 0.7996401786804199,
      "logcount_pearson_debiased": 0.747819170143631,
      "logcount_pearson_full": 0.7695622367904786,
      "logcount_spearman_debiased": 0.754458502728064,
      "logcount_spearman_full": 0.7552511941901153,
      "loss_count": 1.00089986208585,
      "loss_debiased_count": 1.238492088082902,
      "loss_debiased_profile": 6.352330654051646,
      "loss_profile": 5.797703486580213,
      "loss_total": 5.897793469593158,
      "n_examples": 62342,
      "profile_bias_rms_over_signal_rms": 2.1792960051588297,
      "profile_full_debiased_jsd": 0.3732400949473009,
      "profile_target_jsd_debiased_mean": 0.5861305693368654,
      "profile_target_jsd_debiased_median": 0.5893917381763458,
      "profile_target_jsd_full_mean": 0.44549448859645824,
      "profile_target_jsd_full_median": 0.44478797912597656
    },
    "peak": {
      "count_full_debiased_abs": 0.023654294661824525,
      "count_mae_debiased": 923.0790405273438,
      "count_mae_full": 919.5039672851562,
      "count_pearson_debiased": 0.8207166696125694,
      "count_pearson_full": 0.8207418266506857,
      "count_spearman_debiased": 0.6349709935725528,
      "count_spearman_full": 0.6359675599670628,
      "effective_count_scale": 0.2001115381717682,
      "effective_profile_scale": 0.7996401786804199,
      "logcount_pearson_debiased": 0.6972527859408271,
      "logcount_pearson_full": 0.7007323340858833,
      "logcount_spearman_debiased": 0.6349709935725528,
      "logcount_spearman_full": 0.6359675599670628,
      "loss_count": 0.6976551140916194,
      "loss_debiased_count": 0.7314895592224288,
      "loss_debiased_profile": 6.2604299590537975,
      "loss_profile": 5.696424725662163,
      "loss_total": 5.766190241873963,
      "n_examples": 31171,
      "profile_bias_rms_over_signal_rms": 1.8962752318451868,
      "profile_full_debiased_jsd": 0.3715100985955337,
      "profile_target_jsd_debiased_mean": 0.5085974033574299,
      "profile_target_jsd_debiased_median": 0.5105609893798828,
      "profile_target_jsd_full_mean": 0.3310466382487237,
      "profile_target_jsd_full_median": 0.33313870429992676
    }
  },
  "split": "test",
  "training_mode": "full"
}
