label,source,observed_total,bias2main_best_full_total,bias2main_best_debiased_total,bias2main_epoch20_full_total,bias2main_epoch20_debiased_total,baseline_epoch20_full_total,baseline_epoch20_debiased_total,bias_pretrain_best_full_total,bias_pretrain_best_debiased_total
peak_high,peak,5346.0,8079.35009765625,8061.55322265625,4166.83740234375,4156.77001953125,5394.53759765625,5393.38525390625,108.19000244140625,108.19000244140625
peak_mid,peak,953.0,642.3004150390625,623.55078125,521.3460693359375,510.8415832519531,457.6913146972656,456.5673522949219,119.32425689697266,119.32425689697266
nonpeak_high,nonpeak,345.0,185.3202667236328,166.47296142578125,126.18467712402344,115.55955505371094,151.9742431640625,150.82875061035156,122.2406997680664,122.2406997680664
nonpeak_mid,nonpeak,150.0,237.15469360351562,222.16262817382812,192.430419921875,183.88609313964844,127.7675552368164,126.62469482421875,93.71969604492188,93.71969604492188
